echelon.i2p,afvtspvugtd32rsalxircjglh3fhcjzk7gxrm3gw4s2yrpvzk6wq
i2pd.i2p,4bpcp4fmvyr46vb4kqjvtxlst6puz4r3dld24umooiy5mesxzspa
i2pforum.i2p,tmipbl5d7ctnz3cib4yd2yivlrssrtpmuuzyqdpqkelzmnqllhda
i2pnews.i2p,tc73n4kivdroccekirco7rhgxdg5f3cjvbaapabupeyzrqwv5guq
identiguy.i2p,3mzmrus2oron5fxptw7hw2puho3bnqmw2hqy7nw64dsrrjwdilva
irc.i2p,l3ohmm4ccxvyuxuajeaddiptci5lsrnxtvtyq7iohphrt3oj2evq
opentracker.dg2.i2p,w7tpbzncbcocrqtwwm3nezhnnsw4ozadvi2hmvzdhrqzfxfum7wa
planet.i2p,y45f23mb2apgywmftrjmfg35oynzfwjed7rxs2mh76pbdeh4fatq
pop.postman.i2p,ipkiowj7x4yjj7jc35yay3c6gauynkkl64gzzyxra3wmyhtfxlya
r4sas.i2p,2gafixvoztrndawkmhfxamci5lgd3urwnilxqmlo6ittu552cndq
repo.i2p,uxe3lqueuuyklel23sf5h25zwgqgjwsofrqchhnptd5y6pedzbxa
retrobbs-nntp.i2p,fkyzl24oxcxvjzkx74t3533x7qjketzmvzk6bwn3d6hj5t7hlw6q
retrobbs.i2p,mnn77stihntxdoade3ca2vcf456w6vhhvdsfepdvq5qggikvprxq
tahoeserve.i2p,yhs7tsjeznxdenmdho5gjmk755wtredfzipb5t272oi5otipfkoa
trac.i2p2.i2p,i43xzkihpdq34f2jlmtgiyyay5quafg5rebog7tk7xil2c6kbyoa
tracker2.postman.i2p,ahsplxkbhemefwvvml7qovzl5a2b5xo5i7lyai7ntdunvcyfdtna
www.imule.i2p,657xcllunctawyjtar5kgh3wpt6z4l7ba6mmam5rf7hev5w2lsvq
zzz.i2p,ukeu3k5oycgaauneqgtnvselmt4yemvoilkln7jpvamvfx7dnkdq
